if any of these exist in the .shader files in the shader folder, they need to be renamed to the racepack5 folder and have their shaders moved into racepack5.shader

textures/gothic_trim/pitted_rust3
textures/gothic_trim/metalsupport4b
textures/gothic_trim/baseboard09_l
textures/gothic_trim/supportborder
textures/gothic_trim/baseboard09_e
textures/gothic_trim/copper_8_tile
textures/gothic_trim/zinc
textures/gothic_trim/baseboard09_f2
textures/gothic_trim/pitted_rust2

textures/gothic_wall/streetbricks10
textures/gothic_wall/iron01_e
textures/gothic_wall/purptileb
textures/gothic_wall/iron1_bluebrick
textures/gothic_wall/iron1_brickrust
textures/gothic_wall/brickwindow_top
textures/gothic_wall/iron01_p5
textures/gothic_wall/iron01_f2
textures/gothic_wall/iron01_c3_rust
textures/gothic_wall/brickwindow_bot
textures/gothic_wall/brickwindow_mid
textures/gothic_wall/jumptowerwork3g
textures/gothic_wall/slateroofc

textures/gothic_floor/q1metal7_98a
textures/gothic_floor/blocks17floor

textures/gothic_block/blocks9
textures/gothic_block/blocks17
textures/gothic_block/blocks18c\

textures/proto2/brick04_warm
textures/proto2/concrete01darkdirty
textures/proto2/grit01
textures/proto2/supportrim

textures/gothic_floor/largerblock3b3dim
textures/gothic_floor/largerblock3b
textures/gothic_floor/xstepborder3brn
textures/gothic_floor/xstairtop4
textures/gothic_floor/metalbridge06
textures/gothic_floor/metalbridge02
textures/gothic_floor/xstairtop4bbrn

textures/gothic_door/brick_door_c
textures/gothic_door/xian_tourneyarch_inside2

textures/gothic_ceiling/woodceiling1a
textures/gothic_ceiling/woodceiling1b

textures/terrain/qzterra1_dirt1_grass1
textures/terrain/qzterra1_dirt1_pond1
textures/terrain/qzterra1_rock1_rock2
textures/terrain/qzterra1_rock1_grass1

textures/gothic_light/pentagram_light1_3K
textures/gothic_light/gothic_light3_4K
textures/gothic_light/pentagram_light1_4K

textures/sfx2/ntrl_launchpad
textures/sfx2/red_jumpad3
textures/sfx2/blue_jumpad3

textures/sfx/bounce_metalbridge04
textures/sfx/bounce_metalbridge05
textures/sfx/xflame2_1800
textures/sfx/flame1
textures/sfx/flameanim_blue

textures/skies/qzterra1

textures/common/alpha_050
textures/common/alpha_100
textures/common/alpha_000
textures/common/alpha_075
textures/common/alpha_025
textures/common/alpha_085

textures/liquids/calm_pool_nolight

textures/base_wall2/techfloor_kc_blue
textures/base_wall2/techfloor_kc
textures/base_wall2/ntrl_techfloor_kc

textures/base_trim/wires02
textures/base_trim/pewter_shiney

textures/base_support/metal_support3
textures/base_support/x_support2

textures/base_floor/proto_grate4

textures/base_light/wsupprt1_12

textures/ctf2/blueteam01
textures/ctf2/blue_banner02
textures/ctf2/redteam01
textures/ctf2/red_banner02

textures/ctf/ctf_blueflag
textures/ctf/ctf_redflag
textures/ctf/supportborder_blue